id,side,mass,diameter
1,85,0.636666667,17
2,121,1.25,22
3,160,2.116666667,27
4,210,3.64,34
5,295,7.316666667,45
